subject,native_lang,trial,story,tense,tag_a,tag_b,tag_c,exhaustive_seen,mention_one_high_seen,mention_one_low_seen,mention_some_high_seen,mention_some_low_seen,false_report_seen,none_of_above_seen,exhaustive_chosen,mention_one_high_chosen,mention_one_low_chosen,mention_some_high_chosen,mention_some_low_chosen,false_report_chosen,none_of_above_chosen
A2MM10557W7PLD,english,test,test_coffee,past,ms-l,ms-h,mo-l,0,0,1,1,1,0,1,0,0,1,0,0,0,0
A3FFZN4FO3Q789,english,test,test_shoes,past,ms-h,mo-l,ms-l,0,0,1,1,1,0,1,0,0,1,0,0,0,0
A1XGI8153WBWFQ,Albanian,test,test_dentist,past,ms-l,mo-l,fa,0,0,1,0,1,0,1,0,0,1,0,0,0,0
A1XGI8153WBWFQ,Albanian,test,test_books,past,ms-h,mo-l,mo-h,0,1,1,1,0,0,1,0,0,1,0,0,0,0
A14NSVH4W27CK0,english,test,test_dentist,past,exh,fa,mo-l,1,0,1,0,0,0,1,0,0,1,0,0,0,0
A34B9FXOCN08RW,english,test,test_dentist,past,fa,ms-l,mo-l,0,0,1,0,1,0,1,0,0,1,0,0,0,0
A34B9FXOCN08RW,english,test,test_books,past,ms-h,ms-l,mo-l,0,0,1,1,1,0,1,0,0,1,1,1,0,0
A34B9FXOCN08RW,english,test,test_shoes,past,ms-h,mo-l,ms-l,0,0,1,1,1,0,1,0,0,1,1,1,0,0
A34B9FXOCN08RW,english,test,test_hair,past,ms-l,mo-l,ms-h,0,0,1,1,1,0,1,0,0,1,1,1,0,0
A1YIBSKY9U31X6,English,test,test_coffee,past,mo-l,mo-h,exh,1,1,1,0,0,0,1,1,1,1,0,0,0,0
A25FNSFSB048DL,English,test,test_coffee,past,ms-h,fa,mo-l,0,0,1,1,0,0,1,0,0,1,1,0,0,0
A3QSJY1FFN0N6V,English,test,test_coffee,past,exh,ms-h,mo-l,1,0,1,1,0,0,1,1,0,1,1,0,0,0
A3QSJY1FFN0N6V,English,test,test_dentist,past,ms-h,fa,mo-l,0,0,1,1,0,0,1,0,0,1,1,0,0,0
A3QSJY1FFN0N6V,English,test,test_books,past,ms-h,mo-l,mo-h,0,1,1,1,0,0,1,0,1,1,1,0,0,0
A3QSJY1FFN0N6V,English,test,test_shoes,past,ms-h,mo-h,mo-l,0,1,1,1,0,0,1,0,1,1,1,0,0,0
A1UKAS30R0MFI6,english,test,test_yarn,past,mo-l,exh,ms-l,1,0,1,0,1,0,1,1,0,1,0,1,0,0
A1UKAS30R0MFI6,english,test,test_books,past,mo-l,fa,ms-l,0,0,1,0,1,0,1,0,0,1,0,1,0,0
A1UKAS30R0MFI6,english,test,test_shoes,past,exh,mo-l,ms-h,1,0,1,1,0,0,1,1,0,1,1,0,0,0
A1UKAS30R0MFI6,english,test,test_hair,past,ms-l,ms-h,mo-l,0,0,1,1,1,0,1,0,0,1,1,1,0,0
A3A07QA5U733HQ,English,test,test_shoes,past,ms-h,ms-l,mo-l,0,0,1,1,1,0,1,0,0,1,1,1,0,0
A3A07QA5U733HQ,English,test,test_yarn,past,ms-l,mo-h,mo-l,0,1,1,0,1,0,1,0,1,1,0,1,0,0
A3A07QA5U733HQ,English,test,test_coffee,past,ms-l,mo-h,mo-l,0,1,1,0,1,0,1,0,1,1,0,1,0,0
A3A07QA5U733HQ,English,test,test_books,past,mo-l,mo-h,fa,0,1,1,0,0,0,1,0,1,1,0,0,0,0
A3A07QA5U733HQ,English,test,test_hair,past,mo-l,exh,ms-l,1,0,1,0,1,0,1,1,0,1,0,1,0,0
A3SL5QRF7MX2P1,English,test,test_coffee,past,mo-l,ms-l,ms-h,0,0,1,1,1,0,1,0,0,1,1,1,0,0
A31X9CV1UWZV8Z,English,test,test_dentist,past,ms-l,mo-l,mo-h,0,1,1,0,1,0,1,0,1,1,0,1,0,0
A31X9CV1UWZV8Z,English,test,test_hair,past,mo-l,mo-h,ms-l,0,1,1,0,1,0,1,0,1,1,0,1,0,0
A2ZAORW27PCSU4,ENGLISH,test,test_hair,past,exh,ms-h,mo-l,1,0,1,1,0,0,1,0,0,1,0,0,0,0
A2ZAORW27PCSU4,ENGLISH,test,test_dentist,past,ms-h,mo-h,mo-l,0,1,1,1,0,0,1,0,0,1,0,0,0,0
A3EN5H82IBTJGF,English,test,test_shoes,past,mo-l,mo-h,fa,0,1,1,0,0,0,1,0,1,1,0,0,0,0
A3EN5H82IBTJGF,English,test,test_hair,past,exh,mo-l,mo-h,1,1,1,0,0,0,1,1,1,1,0,0,0,0
A2JS70VVJQW2GR,english,test,test_dentist,past,ms-l,mo-l,fa,0,0,1,0,1,0,1,0,0,1,0,1,0,0
A33UMG50QSJ7KS,english,test,test_coffee,past,ms-l,mo-l,fa,0,0,1,0,1,0,1,0,0,1,0,1,0,0
A2PXJTMWGUE5DC,English,test,test_coffee,past,ms-l,mo-l,mo-h,0,1,1,0,1,0,1,0,1,1,0,1,0,0
A2PXJTMWGUE5DC,English,test,test_shoes,past,mo-h,mo-l,ms-h,0,1,1,1,0,0,1,0,1,1,1,0,0,0
A1B84JJ7ATWVJA,English,test,test_yarn,past,mo-h,exh,mo-l,1,1,1,0,0,0,1,1,1,1,0,0,0,0
A1B84JJ7ATWVJA,English,test,test_hair,past,mo-l,mo-h,exh,1,1,1,0,0,0,1,1,1,1,0,0,0,0
A1Y82LKWQQP90M,English,test,test_dentist,past,mo-h,ms-l,mo-l,0,1,1,0,1,0,1,0,1,1,0,1,0,0
A1Y82LKWQQP90M,English,test,test_coffee,past,mo-h,exh,mo-l,1,1,1,0,0,0,1,1,1,1,0,0,0,0
A2N2GFB33ZMYGF,English,test,test_shoes,past,ms-l,mo-h,mo-l,0,1,1,0,1,0,1,0,1,1,0,1,0,0
A1BBZ5EMNSCZJR,English,test,test_dentist,past,ms-l,mo-l,fa,0,0,1,0,1,0,1,0,0,1,0,0,0,0
AF8OT1W25HEM7,English,test,test_dentist,past,mo-l,ms-h,mo-h,0,1,1,1,0,0,1,0,1,1,1,0,0,0
AF8OT1W25HEM7,English,test,test_yarn,past,ms-l,exh,mo-l,1,0,1,0,1,0,1,1,0,1,0,1,0,0
A96JK3576FXG5,english,test,test_dentist,past,ms-h,mo-l,ms-l,0,0,1,1,1,0,1,0,0,1,0,0,0,0
A19L8SNH73AX1Z,English,test,test_hair,past,ms-h,exh,mo-l,1,0,1,1,0,0,1,1,0,1,1,0,0,0
A2C6HMH2FDM2CI,English,test,test_coffee,past,ms-h,mo-l,fa,0,0,1,1,0,0,1,0,0,1,1,0,0,0
A0017268R9SKD8U2Y3F,English,test,test_coffee,past,mo-l,fa,mo-h,0,1,1,0,0,0,1,0,1,1,0,0,0,0
A0017268R9SKD8U2Y3F,English,test,test_shoes,past,ms-h,mo-l,exh,1,0,1,1,0,0,1,1,0,1,1,0,0,0
A3CZ2S6TCQTJBK,english,test,test_hair,past,ms-l,mo-h,mo-l,0,1,1,0,1,0,1,0,1,1,0,1,0,0
A1CSHXVJJ8BPHH,ENGLISH,test,test_yarn,past,fa,ms-l,mo-l,0,0,1,0,1,0,1,0,0,1,0,0,0,0
A3LT7W355XOAKF,English,test,test_coffee,past,mo-l,fa,mo-h,0,1,1,0,0,0,1,0,1,1,0,0,0,0
A3LT7W355XOAKF,English,test,test_dentist,past,mo-l,ms-l,mo-h,0,1,1,0,1,0,1,0,1,1,0,1,0,0
A3LT7W355XOAKF,English,test,test_books,past,mo-l,mo-h,exh,1,1,1,0,0,0,1,1,1,1,0,0,0,0
A1CGDMOPDIC7EU,english,test,test_dentist,past,ms-l,ms-h,mo-l,0,0,1,1,1,0,1,0,0,1,1,1,0,0
A1CGDMOPDIC7EU,english,test,test_hair,past,ms-l,fa,mo-l,0,0,1,0,1,0,1,0,0,1,0,1,0,0
AQKB8JSBEMXK9,english,test,test_yarn,past,ms-h,fa,mo-l,0,0,1,1,0,0,1,0,0,1,1,0,0,0
AQKB8JSBEMXK9,english,test,test_shoes,past,mo-l,ms-h,ms-l,0,0,1,1,1,0,1,0,0,1,1,1,0,0
A27K37YQZDPER6,English,test,test_coffee,past,mo-h,mo-l,ms-h,0,1,1,1,0,0,1,0,1,1,1,0,0,0
AA4O2W236E3FW,English,test,test_dentist,past,fa,mo-l,ms-l,0,0,1,0,1,0,1,0,0,1,0,0,0,0
A1ODA3Q5H6HTDQ,english,test,test_hair,past,mo-l,fa,mo-h,0,1,1,0,0,0,1,0,1,1,0,0,0,0
A1ODA3Q5H6HTDQ,english,test,test_coffee,past,ms-h,mo-l,mo-h,0,1,1,1,0,0,1,0,1,1,1,0,0,0
AL36KBFL3ORCD,English,test,test_hair,past,ms-l,mo-l,fa,0,0,1,0,1,0,1,0,0,1,0,1,0,0
AL36KBFL3ORCD,English,test,test_yarn,past,ms-l,ms-h,mo-l,0,0,1,1,1,0,1,0,0,1,0,0,0,0
A1LC7VHVIFI8BP,english,test,test_shoes,past,exh,ms-h,mo-l,1,0,1,1,0,0,1,0,0,1,0,0,0,0
ACFJI8D9OGJTL,English,test,test_books,past,mo-l,ms-l,fa,0,0,1,0,1,0,1,0,0,1,0,1,0,0
AL6WVETPGOW1A,english,test,test_shoes,past,ms-h,mo-h,mo-l,0,1,1,1,0,0,1,0,0,1,0,0,0,0
A372F1FDPWXBY3,English,test,test_hair,past,mo-h,mo-l,ms-h,0,1,1,1,0,0,1,0,1,1,1,0,0,0
A372F1FDPWXBY3,English,test,test_dentist,past,ms-h,mo-l,fa,0,0,1,1,0,0,1,0,0,1,1,0,0,0
A372F1FDPWXBY3,English,test,test_coffee,past,mo-l,mo-h,ms-l,0,1,1,0,1,0,1,0,1,1,0,1,0,0
A3V8RZYN8NBK2O,english,test,test_yarn,past,mo-l,mo-h,exh,1,1,1,0,0,0,1,1,1,1,0,0,0,0
A2WKZI3JQCE3Z6,English,test,test_coffee,past,ms-h,exh,mo-l,1,0,1,1,0,0,1,1,0,1,1,0,0,0
A2WKZI3JQCE3Z6,English,test,test_hair,past,ms-h,mo-l,ms-l,0,0,1,1,1,0,1,0,0,1,1,1,0,0
A1E1ZAHNCSVLIT,English,test,test_books,past,mo-l,mo-h,fa,0,1,1,0,0,0,1,0,1,1,0,0,0,0
A1E1ZAHNCSVLIT,English,test,test_hair,past,mo-h,ms-h,mo-l,0,1,1,1,0,0,1,0,1,1,1,0,0,0
A1FS8SBR4SDWYG,english,test,test_books,past,mo-l,fa,mo-h,0,1,1,0,0,0,1,0,1,1,0,0,0,0
A1FS8SBR4SDWYG,english,test,test_coffee,past,mo-h,ms-h,mo-l,0,1,1,1,0,0,1,0,1,1,1,0,0,0
A24L4Y8HCZSUIF,English,test,test_coffee,past,ms-h,mo-l,exh,1,0,1,1,0,0,1,1,0,1,1,0,0,0
A24L4Y8HCZSUIF,English,test,test_books,past,mo-l,mo-h,ms-l,0,1,1,0,1,0,1,0,1,1,0,1,0,0
A1PAMVTKGCXSWQ,English,test,test_yarn,past,ms-h,ms-l,mo-l,0,0,1,1,1,0,1,0,0,1,0,1,0,0
A1PAMVTKGCXSWQ,English,test,test_hair,past,ms-l,mo-l,fa,0,0,1,0,1,0,1,0,0,1,0,0,0,0
A1PAMVTKGCXSWQ,English,test,test_shoes,past,ms-l,exh,mo-l,1,0,1,0,1,0,1,0,0,1,0,1,0,0
A3VD9VK9NLEVMN,ENGLISH,test,test_yarn,past,ms-h,mo-l,mo-h,0,1,1,1,0,0,1,0,1,1,1,0,0,0
A3VD9VK9NLEVMN,ENGLISH,test,test_books,past,mo-h,mo-l,ms-h,0,1,1,1,0,0,1,0,1,1,1,0,0,0
A3NK47PYLGRNFC,English,test,test_coffee,past,mo-l,fa,mo-h,0,1,1,0,0,0,1,0,1,1,0,0,0,0
A3NK47PYLGRNFC,English,test,test_books,past,mo-h,mo-l,ms-l,0,1,1,0,1,0,1,0,1,1,0,1,0,0
A3NK47PYLGRNFC,English,test,test_yarn,past,mo-l,ms-l,ms-h,0,0,1,1,1,0,1,0,0,1,1,1,0,0
AVXEDARJC5HLU,English,test,test_books,past,mo-h,mo-l,ms-l,0,1,1,0,1,0,1,0,1,1,0,1,0,0
AVXEDARJC5HLU,English,test,test_yarn,past,ms-l,ms-h,mo-l,0,0,1,1,1,0,1,0,0,1,1,1,0,0
AVXEDARJC5HLU,English,test,test_hair,past,ms-l,exh,mo-l,1,0,1,0,1,0,1,1,0,1,0,1,0,0
AVXEDARJC5HLU,English,test,test_shoes,past,mo-l,ms-l,mo-h,0,1,1,0,1,0,1,0,1,1,0,1,0,0
A30K9F91VNW9BL,English,test,test_coffee,past,mo-h,mo-l,ms-h,0,1,1,1,0,0,1,0,1,1,1,0,0,0
A30K9F91VNW9BL,English,test,test_shoes,past,mo-l,exh,mo-h,1,1,1,0,0,0,1,1,1,1,0,0,0,0
AWAW665TQQP2F,english,test,test_books,past,mo-l,ms-h,mo-h,0,1,1,1,0,0,1,0,1,1,1,0,0,0
A250FES5PFCGK9,English,test,test_coffee,past,mo-h,mo-l,fa,0,1,1,0,0,0,1,0,1,1,0,0,0,0
A250FES5PFCGK9,English,test,test_hair,past,mo-l,mo-h,ms-h,0,1,1,1,0,0,1,0,1,1,1,0,0,0
A250FES5PFCGK9,English,test,test_shoes,past,mo-l,ms-h,mo-h,0,1,1,1,0,0,1,0,1,1,1,0,0,0
A250FES5PFCGK9,English,test,test_dentist,past,ms-h,mo-h,mo-l,0,1,1,1,0,0,1,0,1,1,1,0,0,0
A250FES5PFCGK9,English,test,test_books,past,fa,mo-l,mo-h,0,1,1,0,0,0,1,0,1,1,0,0,0,0
ABI1EI8UQK6LK,english,test,test_dentist,past,mo-h,mo-l,exh,1,1,1,0,0,0,1,1,1,1,0,0,0,0
A3JT22BLG866CK,English,test,test_hair,past,mo-l,exh,mo-h,1,1,1,0,0,0,1,0,0,1,0,0,0,0
A3JT22BLG866CK,English,test,test_coffee,past,mo-l,fa,exh,1,0,1,0,0,0,1,0,0,1,0,0,0,0
A2NA2OJT15COZY,American English,test,test_shoes,past,ms-l,exh,mo-l,1,0,1,0,1,0,1,0,0,1,0,1,0,0
AVD6HMIO1HLFI,English,test,test_books,past,ms-l,mo-h,mo-l,0,1,1,0,1,0,1,0,1,1,0,1,0,0
AVD6HMIO1HLFI,English,test,test_coffee,past,ms-l,mo-l,exh,1,0,1,0,1,0,1,1,0,1,0,1,0,0
A1JQ3GAFW1XZYZ,english,test,test_dentist,present,mo-l,mo-h,fa,0,1,1,0,0,0,1,0,0,1,0,0,0,0
A1JQ3GAFW1XZYZ,english,test,test_hair,present,mo-h,mo-l,ms-l,0,1,1,0,1,0,1,0,0,1,0,0,0,0
A251YA0XPAWWIQ,english,test,test_dentist,present,ms-l,ms-h,mo-l,0,0,1,1,1,0,1,0,0,1,0,0,0,0
A251YA0XPAWWIQ,english,test,test_shoes,present,ms-l,mo-h,mo-l,0,1,1,0,1,0,1,0,0,1,0,0,0,0
A3PLDW841STU8B,english,test,test_coffee,present,fa,mo-l,ms-h,0,0,1,1,0,0,1,0,0,1,0,0,0,0
A3A4UFCFF9DMW3,english,test,test_dentist,present,ms-h,mo-l,mo-h,0,1,1,1,0,0,1,0,0,1,0,0,0,0
A3A4UFCFF9DMW3,english,test,test_shoes,present,ms-l,exh,mo-l,1,0,1,0,1,0,1,0,0,1,0,0,0,0
A3A4UFCFF9DMW3,english,test,test_hair,present,ms-h,mo-l,ms-l,0,0,1,1,1,0,1,0,0,1,0,0,0,0
A3A4UFCFF9DMW3,english,test,test_coffee,present,mo-l,ms-l,ms-h,0,0,1,1,1,0,1,0,0,1,0,0,0,0
A1WKF2VH7TV0H2,English,test,test_shoes,present,mo-h,mo-l,fa,0,1,1,0,0,0,1,0,1,1,0,0,0,0
ABZ1LM3J8REE6,english,test,test_books,present,ms-h,mo-l,mo-h,0,1,1,1,0,0,1,0,0,1,0,0,0,0
ABZ1LM3J8REE6,english,test,test_hair,present,mo-l,ms-h,exh,1,0,1,1,0,0,1,1,0,1,1,0,0,0
A1WL6K3EUA2WOX,ENGLISH,test,test_shoes,present,mo-l,ms-l,exh,1,0,1,0,1,0,1,1,0,1,0,1,0,0
A1WL6K3EUA2WOX,ENGLISH,test,test_hair,present,mo-l,fa,ms-l,0,0,1,0,1,0,1,0,0,1,0,1,0,0
A1WL6K3EUA2WOX,ENGLISH,test,test_yarn,present,exh,mo-l,ms-l,1,0,1,0,1,0,1,1,0,1,0,1,0,0
A1WL6K3EUA2WOX,ENGLISH,test,test_books,present,ms-h,ms-l,mo-l,0,0,1,1,1,0,1,0,0,1,1,1,0,0
A1WL6K3EUA2WOX,ENGLISH,test,test_coffee,present,mo-h,mo-l,ms-l,0,1,1,0,1,0,1,0,1,1,0,1,0,0
A2APHZ2KOI1MPI,English,test,test_dentist,present,ms-l,mo-l,ms-h,0,0,1,1,1,0,1,0,0,1,0,1,0,0
A2APHZ2KOI1MPI,English,test,test_hair,present,mo-h,ms-l,mo-l,0,1,1,0,1,0,1,0,0,1,0,1,0,0
A2APHZ2KOI1MPI,English,test,test_coffee,present,mo-l,fa,mo-h,0,1,1,0,0,0,1,0,0,1,0,0,0,0
A2APHZ2KOI1MPI,English,test,test_books,present,mo-h,ms-l,mo-l,0,1,1,0,1,0,1,0,0,1,0,1,0,0
A1C7XI68SED8JE,english,test,test_shoes,present,exh,ms-h,mo-l,1,0,1,1,0,0,1,1,0,1,1,0,0,0
A1C7XI68SED8JE,english,test,test_coffee,present,mo-l,exh,mo-h,1,1,1,0,0,0,1,1,1,1,0,0,0,0
A1C7XI68SED8JE,english,test,test_yarn,present,mo-h,ms-h,mo-l,0,1,1,1,0,0,1,0,1,1,1,0,0,0
A39PWM9C4U0TEP,English,test,test_yarn,present,ms-l,fa,mo-l,0,0,1,0,1,0,1,0,0,1,0,1,0,0
A39PWM9C4U0TEP,English,test,test_shoes,present,ms-l,mo-l,ms-h,0,0,1,1,1,0,1,0,0,1,1,1,0,0
A1WLRHL0U23N38,English,test,test_coffee,present,mo-l,ms-h,fa,0,0,1,1,0,0,1,0,0,1,1,0,0,0
AW9WE7LS8R57M,english,test,test_hair,present,mo-l,mo-h,ms-l,0,1,1,0,1,0,1,0,0,1,0,0,0,0
A173XG3NZ7JPT7,english,test,test_coffee,present,mo-h,ms-h,mo-l,0,1,1,1,0,0,1,0,1,1,1,0,0,0
A173XG3NZ7JPT7,english,test,test_dentist,present,mo-l,exh,ms-h,1,0,1,1,0,0,1,1,0,1,1,0,0,0
A173XG3NZ7JPT7,english,test,test_yarn,present,exh,fa,mo-l,1,0,1,0,0,0,1,1,0,1,0,0,0,0
A173XG3NZ7JPT7,english,test,test_hair,present,ms-l,mo-l,mo-h,0,1,1,0,1,0,1,0,1,1,0,1,0,0
A10LLZZHZVGWRW,english,test,test_books,present,ms-l,mo-l,exh,1,0,1,0,1,0,1,0,0,1,0,1,0,0
A10LLZZHZVGWRW,english,test,test_shoes,present,ms-l,mo-h,mo-l,0,1,1,0,1,0,1,0,0,1,0,1,0,0
A2GV053CR3O08G,ENGLISH,test,test_yarn,present,ms-h,ms-l,mo-l,0,0,1,1,1,0,1,0,0,1,0,0,0,0
A2A3X2W4YS9X8A,English,test,test_books,present,fa,mo-l,mo-h,0,1,1,0,0,0,1,0,1,1,0,0,0,0
A2A3X2W4YS9X8A,English,test,test_coffee,present,ms-l,mo-l,mo-h,0,1,1,0,1,0,1,0,1,1,0,1,0,0
A19D2W1PR68NO,English,test,test_coffee,present,exh,mo-l,mo-h,1,1,1,0,0,0,1,1,1,1,0,0,0,0
A26FRAYAIDR4NV,english,test,test_coffee,present,ms-h,mo-l,mo-h,0,1,1,1,0,0,1,0,0,1,0,0,0,0
A26FRAYAIDR4NV,english,test,test_dentist,present,mo-h,mo-l,ms-h,0,1,1,1,0,0,1,0,0,1,0,0,0,0
A03172343NB8PHOPICC1,English,test,test_books,present,mo-l,ms-l,ms-h,0,0,1,1,1,0,1,0,0,1,1,1,0,0
A03172343NB8PHOPICC1,English,test,test_coffee,present,ms-h,mo-l,mo-h,0,1,1,1,0,0,1,0,1,1,1,0,0,0
A03172343NB8PHOPICC1,English,test,test_dentist,present,exh,mo-l,ms-l,1,0,1,0,1,0,1,1,0,1,0,1,0,0
A2EW08X2I87RXL,English,test,test_books,present,mo-l,ms-l,ms-h,0,0,1,1,1,0,1,0,0,1,1,1,0,0
A2EW08X2I87RXL,English,test,test_shoes,present,mo-l,ms-h,exh,1,0,1,1,0,0,1,1,0,1,1,0,0,0
A2EW08X2I87RXL,English,test,test_coffee,present,mo-l,ms-l,mo-h,0,1,1,0,1,0,1,0,1,1,0,1,0,0
A28LPPFS7FW2SD,English,test,test_books,present,mo-h,fa,mo-l,0,1,1,0,0,0,1,0,1,1,0,0,0,0
A28LPPFS7FW2SD,English,test,test_coffee,present,mo-l,ms-l,mo-h,0,1,1,0,1,0,1,0,1,1,0,1,0,0
A28LPPFS7FW2SD,English,test,test_shoes,present,ms-h,ms-l,mo-l,0,0,1,1,1,0,1,0,0,1,0,1,0,0
AWZCVOUD0LPT,hindi,test,test_yarn,present,mo-h,ms-l,mo-l,0,1,1,0,1,0,1,0,0,1,0,0,0,0
AZCGSVDT79E6X,English,test,test_books,present,exh,ms-h,mo-l,1,0,1,1,0,0,1,1,0,1,1,0,0,0
A3UN1F1EOHKKE6,English,test,test_dentist,present,exh,fa,mo-l,1,0,1,0,0,0,1,1,0,1,0,0,0,0
AXP8EG22MPZY8,English,test,test_coffee,present,ms-l,exh,mo-l,1,0,1,0,1,0,1,0,0,1,0,1,0,0
AXP8EG22MPZY8,English,test,test_yarn,present,ms-l,mo-l,fa,0,0,1,0,1,0,1,0,0,1,0,1,0,0
A1XATJA7ENOGWB,English,test,test_books,present,exh,ms-h,mo-l,1,0,1,1,0,0,1,1,0,1,1,0,0,0
A1XATJA7ENOGWB,English,test,test_shoes,present,mo-l,mo-h,ms-l,0,1,1,0,1,0,1,0,1,1,0,1,0,0
A1XATJA7ENOGWB,English,test,test_coffee,present,ms-h,mo-l,mo-h,0,1,1,1,0,0,1,0,1,1,1,0,0,0
A2W5Q0IVJUS7Y6,English,test,test_dentist,present,ms-h,mo-l,mo-h,0,1,1,1,0,0,1,0,1,1,0,0,0,0
A2W5Q0IVJUS7Y6,English,test,test_coffee,present,mo-l,mo-h,ms-h,0,1,1,1,0,0,1,0,1,1,0,0,0,0
A2W5Q0IVJUS7Y6,English,test,test_yarn,present,mo-l,mo-h,ms-l,0,1,1,0,1,0,1,0,1,1,0,1,0,0
AKAPWAUEDPVGV,english,test,test_hair,present,ms-l,mo-l,mo-h,0,1,1,0,1,0,1,0,0,1,0,0,0,0
A39BSJLRE2AQD4,english,test,test_yarn,present,fa,mo-l,ms-l,0,0,1,0,1,0,1,0,0,1,0,0,0,0
A125AOX978LDG7,English ,test,test_shoes,present,mo-l,mo-h,ms-h,0,1,1,1,0,0,1,0,1,1,1,0,0,0
A125AOX978LDG7,English ,test,test_hair,present,ms-l,mo-l,ms-h,0,0,1,1,1,0,1,0,0,1,1,1,0,0
A125AOX978LDG7,English ,test,test_yarn,present,mo-h,mo-l,ms-l,0,1,1,0,1,0,1,0,1,1,0,1,0,0
A125AOX978LDG7,English ,test,test_coffee,present,mo-l,mo-h,ms-h,0,1,1,1,0,0,1,0,1,1,1,0,0,0
A12569NJ7KY1KX,english,test,test_dentist,present,mo-l,ms-l,mo-h,0,1,1,0,1,0,1,0,0,1,0,0,0,0
A2W1QLIYADUJU3,ENGLISH,test,test_dentist,present,ms-l,mo-l,ms-h,0,0,1,1,1,0,1,0,0,1,1,1,0,0
A1TSQCY9QR6RM7,English,test,test_hair,present,mo-l,mo-h,ms-l,0,1,1,0,1,0,1,0,0,1,0,0,0,0
A1CJZOKUD5J0H1,ENGLISH,test,test_hair,present,mo-l,fa,mo-h,0,1,1,0,0,0,1,0,0,1,0,0,0,0
A1CJZOKUD5J0H1,ENGLISH,test,test_yarn,present,mo-h,mo-l,ms-l,0,1,1,0,1,0,1,0,0,1,0,1,0,0
A2SZRPGIEYRCG6,ENGLISH,test,test_books,present,exh,mo-l,ms-h,1,0,1,1,0,0,1,1,0,1,1,0,0,0
A2LV5432PV1S39,English,test,test_dentist,present,mo-l,ms-l,mo-h,0,1,1,0,1,0,1,0,1,1,0,1,0,0
A2LV5432PV1S39,English,test,test_yarn,present,mo-h,ms-h,mo-l,0,1,1,1,0,0,1,0,1,1,1,0,0,0
A1BZNPQ0H7ZSER,English,test,test_yarn,present,mo-l,ms-h,exh,1,0,1,1,0,0,1,1,0,1,1,0,0,0
A1BZNPQ0H7ZSER,English,test,test_coffee,present,mo-h,exh,mo-l,1,1,1,0,0,0,1,1,1,1,0,0,0,0
A1BZNPQ0H7ZSER,English,test,test_dentist,present,ms-l,ms-h,mo-l,0,0,1,1,1,0,1,0,0,1,1,1,0,0
AC7Z8O1RETQC4,ENGLISH,test,test_coffee,present,mo-l,mo-h,ms-h,0,1,1,1,0,0,1,0,1,1,1,0,0,0
AC7Z8O1RETQC4,ENGLISH,test,test_yarn,present,mo-l,fa,ms-l,0,0,1,0,1,0,1,0,0,1,0,1,0,0
AC7Z8O1RETQC4,ENGLISH,test,test_books,present,fa,mo-l,exh,1,0,1,0,0,0,1,1,0,1,0,0,0,0
A15SJZQBR8I3B3,English,test,test_yarn,present,ms-l,mo-h,mo-l,0,1,1,0,1,0,1,0,1,1,0,1,0,0
A2KPTC4K228GM3,ENGLISH,test,test_books,present,mo-h,ms-l,mo-l,0,1,1,0,1,0,1,0,1,1,0,1,0,0
A2KPTC4K228GM3,ENGLISH,test,test_hair,present,ms-l,mo-h,mo-l,0,1,1,0,1,0,1,0,1,1,0,1,0,0
A2KPTC4K228GM3,ENGLISH,test,test_dentist,present,mo-l,ms-h,ms-l,0,0,1,1,1,0,1,0,0,1,1,1,0,0
A2KPTC4K228GM3,ENGLISH,test,test_shoes,present,exh,mo-l,ms-h,1,0,1,1,0,0,1,1,0,1,1,0,0,0
A2KPTC4K228GM3,ENGLISH,test,test_yarn,present,mo-l,fa,exh,1,0,1,0,0,0,1,1,0,1,0,0,0,0
A38JCBX2DD2ILP,ENGLISH,test,test_hair,present,ms-h,mo-l,mo-h,0,1,1,1,0,0,1,0,0,1,1,0,0,0
A38JCBX2DD2ILP,ENGLISH,test,test_yarn,present,mo-l,fa,ms-l,0,0,1,0,1,0,1,0,0,1,0,1,0,0
A1Q16A7AICS0C4,ENGLISH,test,test_coffee,present,ms-h,mo-l,ms-l,0,0,1,1,1,0,1,0,0,1,0,0,0,0
A1Q16A7AICS0C4,ENGLISH,test,test_yarn,present,ms-l,mo-l,fa,0,0,1,0,1,0,1,0,0,1,0,1,0,0
A1Q16A7AICS0C4,ENGLISH,test,test_hair,present,mo-h,fa,mo-l,0,1,1,0,0,0,1,0,0,1,0,0,0,0
A1SHLWKA0UH1IS,english,test,test_shoes,present,fa,mo-l,exh,1,0,1,0,0,0,1,1,0,1,0,0,0,0
A2JIY3NSLQJWAE,english,test,test_shoes,present,ms-h,fa,mo-l,0,0,1,1,0,0,1,0,0,1,1,0,0,0
A2JIY3NSLQJWAE,english,test,test_yarn,present,ms-l,mo-h,mo-l,0,1,1,0,1,0,1,0,1,1,0,0,0,0
AZXTZQBZ1F4UV,english,test,test_coffee,present,mo-l,fa,ms-l,0,0,1,0,1,0,1,0,0,1,0,1,0,0
AZXTZQBZ1F4UV,english,test,test_shoes,present,exh,mo-l,ms-l,1,0,1,0,1,0,1,1,0,1,0,1,0,0
AD6FEEQSW8PRE,ENGLISH,test,test_books,present,fa,mo-l,ms-h,0,0,1,1,0,0,1,0,0,1,0,0,0,0
A2TNTYHHICCA3Z,ENGLISH,test,test_coffee,present,ms-l,mo-l,exh,1,0,1,0,1,0,1,1,0,1,0,1,0,0
A2TNTYHHICCA3Z,ENGLISH,test,test_hair,present,ms-h,ms-l,mo-l,0,0,1,1,1,0,1,0,0,1,1,1,0,0
ADNSFH55XO2F8,English,test,test_coffee,present,mo-l,exh,ms-l,1,0,1,0,1,0,1,0,0,1,0,0,0,0
ADNSFH55XO2F8,English,test,test_yarn,present,mo-l,mo-h,ms-h,0,1,1,1,0,0,1,0,0,1,0,0,0,0
ADNSFH55XO2F8,English,test,test_books,present,mo-h,mo-l,exh,1,1,1,0,0,0,1,0,0,1,0,0,0,0
A1IJ9VL8YPIE3T,English ,test,test_yarn,present,mo-l,ms-l,ms-h,0,0,1,1,1,0,1,0,0,1,0,0,0,0
AHZ7C7ETHYX3N,English,test,test_coffee,present,mo-l,ms-h,mo-h,0,1,1,1,0,0,1,0,1,1,1,0,0,0
AHZ7C7ETHYX3N,English,test,test_books,present,mo-h,exh,mo-l,1,1,1,0,0,0,1,1,1,1,0,0,0,0
AHZ7C7ETHYX3N,English,test,test_shoes,present,ms-l,mo-l,ms-h,0,0,1,1,1,0,1,0,0,1,1,1,0,0
AT13EK8JER5C3,ENGLISH,test,test_shoes,present,ms-h,ms-l,mo-l,0,0,1,1,1,0,1,0,0,1,0,0,0,0
A255V2M0CC1G8L,ENGLISH,test,test_books,present,exh,mo-l,ms-l,1,0,1,0,1,0,1,0,0,1,0,0,0,0
A3RL02A3JRAUS4,English,test,test_yarn,present,ms-h,mo-h,mo-l,0,1,1,1,0,0,1,0,1,1,1,0,0,0
A3RL02A3JRAUS4,English,test,test_coffee,present,fa,ms-h,mo-l,0,0,1,1,0,0,1,0,0,1,1,0,0,0
A13FUEPWBCLBUY,English,test,test_yarn,present,ms-l,mo-l,fa,0,0,1,0,1,0,1,0,0,1,0,1,0,0
A13FUEPWBCLBUY,English,test,test_shoes,present,mo-l,ms-h,ms-l,0,0,1,1,1,0,1,0,0,1,1,1,0,0
A13FUEPWBCLBUY,English,test,test_books,present,ms-h,mo-h,mo-l,0,1,1,1,0,0,1,0,1,1,1,0,0,0
A2BZY06YRWGEDL,English,test,test_shoes,present,mo-l,mo-h,fa,0,1,1,0,0,0,1,0,1,1,0,0,0,0
A2BZY06YRWGEDL,English,test,test_books,present,ms-l,mo-l,mo-h,0,1,1,0,1,0,1,0,1,1,0,1,0,0
A2BZY06YRWGEDL,English,test,test_hair,present,mo-l,ms-h,fa,0,0,1,1,0,0,1,0,0,1,1,0,0,0
A1EQ1LHEEIQ3UA,English,test,test_hair,present,mo-h,ms-l,mo-l,0,1,1,0,1,0,1,0,1,1,0,1,0,0
A10T7GP0TH27RB,english,test,test_dentist,present,ms-h,mo-l,mo-h,0,1,1,1,0,0,1,0,0,1,0,0,0,0
A1GV1POLY1EHJV,english,test,test_books,present,fa,mo-l,ms-h,0,0,1,1,0,0,1,0,0,1,1,0,0,0
A1GV1POLY1EHJV,english,test,test_shoes,present,ms-h,mo-h,mo-l,0,1,1,1,0,0,1,0,1,1,1,0,0,0
A1GV1POLY1EHJV,english,test,test_coffee,present,ms-h,mo-h,mo-l,0,1,1,1,0,0,1,0,1,1,1,0,0,0
A1GV1POLY1EHJV,english,test,test_yarn,present,mo-l,ms-l,mo-h,0,1,1,0,1,0,1,0,1,1,0,1,0,0
APLBF6JY2C1QZ,English,test,test_hair,present,mo-l,ms-l,mo-h,0,1,1,0,1,0,1,0,1,1,0,1,0,0
A35KO5LPASBFI9,English,test,test_books,present,mo-l,fa,exh,1,0,1,0,0,0,1,1,0,1,0,0,0,0